nome,age
Virginia Knight,20
Amaya Franklin,58
Len Howell,91
Ima Evans,66
Amos Perry,67
Kadeem Peters,65
Debra Castro,37
Zachery Wilder,46
TaShya Porter,55
Jerome Maddox,62
Flavia Chan,51
Knox Levine,84
Jael Wilder,67
Shafira Faulkner,63
Shana Golden,29
Sheila Hart,28
Destiny Marsh,68
Meredith Herring,46
Hiroko Salazar,34
August Crosby,57
Tatiana Pope,60
Jerome Morgan,48
Larissa Cunningham,37
Raya Bell,83
Aladdin Kennedy,17
Tate Parker,43
Kylie Cantu,28
Kevin Camacho,48
Libby Wolf,56
Regina Baxter,72
Rooney Mcmahon,42
Charde Kinney,24
Ross Stanton,28
Shaine Sanders,19
Abra Sherman,16
Brianna Ramos,27
Desirae Alvarez,78
Elaine Kennedy,64
Griffin Pugh,27
Herman Cook,78
Carlos Pacheco,27
Caesar Leblanc,52
Shoshana Horn,40
Zenaida Mcintosh,62
Ahmed Nielsen,93
Mark Schneider,47
Brady Love,33
Rhonda Mejia,20
Ishmael Finley,26
Demetrius Holden,83
Daria Foster,87
Zelda Morgan,63
Raya Bean,21
Kane Jimenez,81
Priscilla Haley,64
Neve Mcknight,34
Ava Kirk,83
Abraham Garner,29
Simon Crosby,84
Sigourney Stuart,56
Ignacia Calderon,73
Keegan Spence,72
Claire Ratliff,64
Aileen Weaver,63
Rae Atkinson,28
Lisandra Sargent,70
Cairo Clements,20
Mark Pratt,57
Amethyst Mcfarland,23
Donovan Stevenson,85
Alisa Delaney,25
Simone Charles,57
Damian Booth,72
Dale Franks,68
Harding Myers,60
Bryar Sparks,64
Camilla Bray,56
Edan Mccormick,50
Cody Herring,34
Boris Melton,21
Molly Hoover,78
Tatiana Dawson,48
Brody Gallegos,63
Justina Wilder,64
Kiayada Christensen,60
Riley Mullins,68
Zeus Harrison,77
Whoopi Burnett,31
Christopher Byrd,48
Maggy Flynn,33
Virginia Wilkerson,22
Damian Moran,81
Xantha Bond,85
Abigail Mcpherson,41
Debra Hayes,27
Camden Wynn,66
Vladimir Sargent,44
Jerome Martin,85
Chadwick Quinn,15
Cailin Ford,41
Virginia Knight,20
Amaya Franklin,58
Len Howell,91
Ima Evans,66
Amos Perry,67
Kadeem Peters,65
Debra Castro,37
Zachery Wilder,46
TaShya Porter,55
Jerome Maddox,62
Flavia Chan,51
Knox Levine,84
Jael Wilder,67
Shafira Faulkner,63
Shana Golden,29
Sheila Hart,28
Destiny Marsh,68
Meredith Herring,46
Hiroko Salazar,34
August Crosby,57
Tatiana Pope,60
Jerome Morgan,48
Larissa Cunningham,37
Raya Bell,83
Aladdin Kennedy,17
Tate Parker,43
Kylie Cantu,28
Kevin Camacho,48
Libby Wolf,56
Regina Baxter,72
Rooney Mcmahon,42
Charde Kinney,24
Ross Stanton,28
Shaine Sanders,19
Abra Sherman,16
Brianna Ramos,27
Desirae Alvarez,78
Elaine Kennedy,64
Griffin Pugh,27
Herman Cook,78
Carlos Pacheco,27
Caesar Leblanc,52
Shoshana Horn,40
Zenaida Mcintosh,62
Ahmed Nielsen,93
Mark Schneider,47
Brady Love,33
Rhonda Mejia,20
Ishmael Finley,26
Demetrius Holden,83
Daria Foster,87
Zelda Morgan,63
Raya Bean,21
Kane Jimenez,81
Priscilla Haley,64
Neve Mcknight,34
Ava Kirk,83
Abraham Garner,29
Simon Crosby,84
Sigourney Stuart,56
Ignacia Calderon,73
Keegan Spence,72
Claire Ratliff,64
Aileen Weaver,63
Rae Atkinson,28
Lisandra Sargent,70
Cairo Clements,20
Mark Pratt,57
Amethyst Mcfarland,23
Donovan Stevenson,85
Alisa Delaney,25
Simone Charles,57
Damian Booth,72
Dale Franks,68
Harding Myers,60
Bryar Sparks,64
Camilla Bray,56
Edan Mccormick,50
Cody Herring,34
Boris Melton,21
Molly Hoover,78
Tatiana Dawson,48
Brody Gallegos,63
Justina Wilder,64
Kiayada Christensen,60
Riley Mullins,68
Zeus Harrison,77
Whoopi Burnett,31
Christopher Byrd,48
Maggy Flynn,33
Virginia Wilkerson,22
Damian Moran,81
Xantha Bond,85
Abigail Mcpherson,41
Debra Hayes,27
Camden Wynn,66
Vladimir Sargent,44
Jerome Martin,85
Chadwick Quinn,15
Cailin Ford,41
Virginia Knight,20
Amaya Franklin,58
Len Howell,91
Ima Evans,66
Amos Perry,67
Kadeem Peters,65
Debra Castro,37
Zachery Wilder,46
TaShya Porter,55
Jerome Maddox,62
Flavia Chan,51
Knox Levine,84
Jael Wilder,67
Shafira Faulkner,63
Shana Golden,29
Sheila Hart,28
Destiny Marsh,68
Meredith Herring,46
Hiroko Salazar,34
August Crosby,57
Tatiana Pope,60
Jerome Morgan,48
Larissa Cunningham,37
Raya Bell,83
Aladdin Kennedy,17
Tate Parker,43
Kylie Cantu,28
Kevin Camacho,48
Libby Wolf,56
Regina Baxter,72
Rooney Mcmahon,42
Charde Kinney,24
Ross Stanton,28
Shaine Sanders,19
Abra Sherman,16
Brianna Ramos,27
Desirae Alvarez,78
Elaine Kennedy,64
Griffin Pugh,27
Herman Cook,78
Carlos Pacheco,27
Caesar Leblanc,52
Shoshana Horn,40
Zenaida Mcintosh,62
Ahmed Nielsen,93
Mark Schneider,47
Brady Love,33
Rhonda Mejia,20
Ishmael Finley,26
Demetrius Holden,83
Daria Foster,87
Zelda Morgan,63
Raya Bean,21
Kane Jimenez,81
Priscilla Haley,64
Neve Mcknight,34
Ava Kirk,83
Abraham Garner,29
Simon Crosby,84
Sigourney Stuart,56
Ignacia Calderon,73
Keegan Spence,72
Claire Ratliff,64
Aileen Weaver,63
Rae Atkinson,28
Lisandra Sargent,70
Cairo Clements,20
Mark Pratt,57
Amethyst Mcfarland,23
Donovan Stevenson,85
Alisa Delaney,25
Simone Charles,57
Damian Booth,72
Dale Franks,68
Harding Myers,60
Bryar Sparks,64
Camilla Bray,56
Edan Mccormick,50
Cody Herring,34
Boris Melton,21
Molly Hoover,78
Tatiana Dawson,48
Brody Gallegos,63
Justina Wilder,64
Kiayada Christensen,60
Riley Mullins,68
Zeus Harrison,77
Whoopi Burnett,31
Christopher Byrd,48
Maggy Flynn,33
Virginia Wilkerson,22
Damian Moran,81
Xantha Bond,85
Abigail Mcpherson,41
Debra Hayes,27
Camden Wynn,66
Vladimir Sargent,44
Jerome Martin,85
Chadwick Quinn,15
Cailin Ford,41
Virginia Knight,20
Amaya Franklin,58
Len Howell,91
Ima Evans,66
Amos Perry,67
Kadeem Peters,65
Debra Castro,37
Zachery Wilder,46
TaShya Porter,55
Jerome Maddox,62
Flavia Chan,51
Knox Levine,84
Jael Wilder,67
Shafira Faulkner,63
Shana Golden,29
Sheila Hart,28
Destiny Marsh,68
Meredith Herring,46
Hiroko Salazar,34
August Crosby,57
Tatiana Pope,60
Jerome Morgan,48
Larissa Cunningham,37
Raya Bell,83
Aladdin Kennedy,17
Tate Parker,43
Kylie Cantu,28
Kevin Camacho,48
Libby Wolf,56
Regina Baxter,72
Rooney Mcmahon,42
Charde Kinney,24
Ross Stanton,28
Shaine Sanders,19
Abra Sherman,16
Brianna Ramos,27
Desirae Alvarez,78
Elaine Kennedy,64
Griffin Pugh,27
Herman Cook,78
Carlos Pacheco,27
Caesar Leblanc,52
Shoshana Horn,40
Zenaida Mcintosh,62
Ahmed Nielsen,93
Mark Schneider,47
Brady Love,33
Rhonda Mejia,20
Ishmael Finley,26
Demetrius Holden,83
Daria Foster,87
Zelda Morgan,63
Raya Bean,21
Kane Jimenez,81
Priscilla Haley,64
Neve Mcknight,34
Ava Kirk,83
Abraham Garner,29
Simon Crosby,84
Sigourney Stuart,56
Ignacia Calderon,73
Keegan Spence,72
Claire Ratliff,64
Aileen Weaver,63
Rae Atkinson,28
Lisandra Sargent,70
Cairo Clements,20
Mark Pratt,57
Amethyst Mcfarland,23
Donovan Stevenson,85
Alisa Delaney,25
Simone Charles,57
Damian Booth,72
Dale Franks,68
Harding Myers,60
Bryar Sparks,64
Camilla Bray,56
Edan Mccormick,50
Cody Herring,34
Boris Melton,21
Molly Hoover,78
Tatiana Dawson,48
Brody Gallegos,63
Justina Wilder,64
Kiayada Christensen,60
Riley Mullins,68
Zeus Harrison,77
Whoopi Burnett,31
Christopher Byrd,48
Maggy Flynn,33
Virginia Wilkerson,22
Damian Moran,81
Xantha Bond,85
Abigail Mcpherson,41
Debra Hayes,27
Camden Wynn,66
Vladimir Sargent,44
Jerome Martin,85
Chadwick Quinn,15
Cailin Ford,41
